ID,Coin
1,BTC
2,LTC
3,NMC
4,TRC
5,PPC
6,NVC
8,FTC
10,FRC
13,IXC
16,WDC
18,DGC
25,GLC
35,PXC
37,MEC
41,IFC
42,XPM
43,ANC
45,CSC
52,XRP
53,QRK
56,ZET
61,TAG
64,PIN
66,NXT
67,UNO
69,DTC
72,DEM
74,DOGE
77,DMD
78,HBN
80,ORB
83,OMNI
87,TIPS
90,DIME
93,42
99,VTC
109,DGB
113,SMC
118,RDD
122,POT
128,MAX
131,DASH
132,XCP
141,MINT
145,DOPE
148,AUR
151,PTD
154,MARS
162,MIM
168,UFO
170,BLK
182,XMY
184,NOTE
201,EMC2
212,ECC
213,MONA
215,RBY
217,BELA
234,EFL
254,NLG
258,GRS
260,XPD
263,PLNC
268,XWC
276,BITS
278,QBC
290,BLU
291,MAID
293,XBC
298,NYC
313,PINK
316,DRM
322,ENRG
323,VRC
328,XMR
331,LCP
333,CURE
341,SUPER
360,MOTO
362,CLOAK
366,BSD
367,C2
372,BCN
377,NAV
389,START
405,XDN
406,BBR
416,THC
448,XST
460,CLAM
463,BTS
470,VIA
495,IOC
501,XCN
502,CARBON
506,CANN
512,XLM
541,SYS
551,DONU
558,EMC
572,RBBT
576,GAME
584,N8V
588,UBQ
597,OPAL
601,ACOIN
624,BITCNY
633,EXCL
638,TROLL
644,BSTY
656,PXI
659,BITS
693,XVG
702,SPR
703,RBT
706,MUE
707,BLOCK
720,CRW
730,GCN
733,XQN
760,OK
764,XPY
788,COVAL
789,NXS
799,SMLY
815,KOBO
819,BITB
823,GEO
825,USDT
831,WBB
833,GRC
837,XCO
853,LDOGE
857,SONG
859,LOG
873,XEM
894,NTRN
895,XAUR
898,CF
911,AIB
914,SPHR
916,MEDIC
918,BUB
921,UNIT
934,PKB
938,ARB
945,BTA
948,ADC
951,SNRG
960,FJC
977,GXX
978,XRA
986,CREVA
990,ZNY
993,BSC
1004,HNC
1019,MANNA
1020,AXIOM
1026,AEON
1027,ETH
1032,TX
1033,GCC
1035,AMS
1037,AGRS
1038,EUC
1042,SC
1044,GCR
1052,VEC2
1053,BOLI
1066,PAK
1070,EXP
1082,SIB
1085,SWING
1087,FCT
1090,SANDG
1104,REP
1106,SHND
1107,PAC
1120,DFT
1135,CLUB
1136,ADZ
1146,AV
1154,VAL
1155,LTCR
1156,YOC
1159,SLS
1164,FRN
1165,EVIL
1168,DCR
1169,PIVX
1172,SFT
1175,RBIES
1185,FREED
1191,MEME
1194,IMS
1200,NEVA
1209,PEX
1210,CAB
1212,MOJO
1214,LSK
1216,EDRC
1218,POST
1223,BERN
1229,DGD
1230,STEEM
1241,FUZZ
1244,XHI
1247,ARCO
1248,XBTC21
1250,ZUR
1252,2GIVE
1254,XPTX
1257,LANA
1259,PONZI
1266,MXT
1273,CTL
1274,WAVES
1279,PWR
1281,ION
1282,HVCO
1285,GB
1291,CMT
1294,RISE
1297,CHESS
1298,LBC
1299,PUT
1306,CJ
1308,HEAT
1312,SBD
1320,ARDR
1321,ETC
1340,KRB
1343,STRAX
1351,ACES
1353,TAJ
1368,VLT
1376,NEO
1381,BTDX
1382,NLC2
1389,ZYD
1392,PLU
1395,DLC
1396,MST
1398,PROUD
1414,FIRO
1437,ZEC
1439,ASAFE
1447,ZCL
1454,LKK
1455,GLM
1464,HYD
1466,HUSH
1468,KURT
1473,PASC
1474,ENT
1492,GBYTE
1495,POSW
1500,WINGS
1503,JUP
1504,IFLT
1505,ALIAS
1511,VIDZ
1514,ICOB
1515,IBANK
1518,MKR
1521,KMD
1522,FRST
1528,ICON
1531,GCC
1546,CNT
1552,MLN
1556,TIME
1558,ARGUS
1562,SWT
1567,XNO
1578,ZER
1582,NETKO
1586,ARK
1587,DYN
1590,MER
1596,EDG
1606,XLR
1609,XAS
1619,SKY
1623,BLAZR
1624,ATMOS
1629,ZENI
1630,CXT
1632,CONX
1636,XBY
1637,RLC
1638,TRST
1651,SCS
1654,BTX
1657,VOLT
1658,LUN
1659,GNO
1660,TKN
1669,HMQ
1673,MNE
1674,CNNC
1678,INSN
1680,ANT
1681,PZM
1684,QTUM
1687,DMB
1693,MAY
1694,SUMO
1697,BAT
1698,ZEN
1700,AE
1703,ETP
1704,EBST
1706,ADK
1708,PTOY
1710,VERI
1711,ECA
1712,QRL
1715,MGO
1720,MIOTA
1721,MYST
1722,MORE
1725,ADL
1727,BNT
1731,GLT
1732,NMR
1736,UNIFY
1745,DCY
1747,ONX
1750,GXC
1751,ATCC
1757,FUN
1758,PAY
1759,SNT
1762,ERG
1765,EOS
1768,ADX
1769,D
1772,STORJ
1774,SOCC
1779,WGR
1784,PLBT
1785,GAS
1786,SNC
1787,JET
1788,MTL
1789,PPT
1799,RUP
1807,SAN
1808,OMG
1814,MRX
1816,CVC
1817,VGX
1824,COAL
1826,PART
1828,SMART
1830,SKIN
1831,BCH
1834,PLR
1838,OCT
1839,BNB
1845,IXT
1846,GSR
1850,CRM
1853,OAX
1856,DNT
1861,STX
1866,BTM
1873,TIX
1876,DCN
1878,SHDW
1881,ONION
1883,ADS
1886,DENT
1888,IFT
1894,TCC
1896,ZRX
1899,YOYOW
1902,MYB
1903,HC
1905,TFL
1908,NAS
1916,BBP
1918,ACT
1925,WTC
1930,PST
1931,OPT
1934,LRC
1935,LTCU
1937,POE
1947,MTH
1948,AVT
1949,DLT
1950,HVN
1954,MDA
1955,NEBL
1958,TRX
1962,BUZZ
1966,MANA
1967,IND
1968,XPA
1969,SCL
1970,ATB
1974,PRO
1975,LINK
1982,KNCL
1983,VIBE
1984,SUB
1985,DAY
1991,RVT
1993,KIN
1996,SALT
1998,ORMEUS
2001,COLX
2002,TZC
2006,COB
2009,BIS
2010,ADA
2011,XTZ
2019,VIB
2021,REV
2022,INXT
2034,EVX
2036,PPP
2041,BTCZ
2043,CND
2044,ENG
2047,ZSC
2056,PIPL
2058,AST
2061,BCPT
2062,AION
2064,ART
2066,EVR
2070,DRT
2071,REQ
2074,ETG
2076,BLUE
2081,AMB
2083,BTG
2087,KCS
2088,EXRN
2090,LA
2091,XUC
2092,NULS
2096,RCN
2099,ICX
2100,JS
2104,IETH
2107,LUX
2110,DOV
2112,PHX
2120,FUEL
2126,FYP
2130,ENJ
2131,IBTC
2132,POWR
2134,GRID
2135,REV
2136,ATL
2137,ETN
2140,SONO
2143,DATA
2144,XSH
2147,ELTCOIN
2148,DSR
2151,NIOX
2153,ARNX
2158,PHR
2160,INN
2161,RDN
2162,DPY
2165,ERC20
2175,DBET
2178,UFR
2181,GVT
2184,PRIX
2185,LTHN
2191,PAYX
2200,GBX
2205,PNX
2208,DNA
2209,INK
2212,QSP
2213,QASH
2215,TSL
2219,SPANK
2221,VOT
2222,BCD
2223,VEE
2230,MONK
2231,FLIXX
2235,TNB
2236,WISH
2237,EVC
2240,ONG
2241,CCO
2242,QBT
2243,DRGN
2245,PRE
2246,CMT
2247,BCDN
2248,CAPP
2249,ERO
2251,ITC
2255,SEND
2256,BON
2257,NUKO
2260,DAM
2267,WABI
2273,UQC
2274,MDS
2276,IGNIS
2277,SMT
2279,PKT
2280,FIL
2281,BCX
2282,SBTC
2286,AMM
2287,LOC
2288,WRC
2289,GTO
2290,YTN
2291,GNX
2293,UBTC
2295,STAR
2296,OST
2297,STMX
2299,ELF
2300,WAXP
2303,MED
2305,NGC
2306,BRD
2307,BIX
2309,SPHTX
2310,BNTY
2313,SRN
2315,HTML
2316,DBC
2318,NEU
2319,QC
2320,UTK
2321,QLC
2323,PLAY
2324,ONE
2325,MTX
2329,HPY
2332,STAK
2335,LBTC
2336,GTC
2337,TAU
2340,BLT
2341,SWFTC
2342,COV
2343,CAN
2344,APPC
2345,HPB
2346,WICC
2348,MDT
2349,XIN
2354,GET
2357,AIDOC
2359,POLIS
2363,ZAP
2364,TCT
2366,FAIR
2367,AIX
2370,GOD
2371,UTT
2376,TOPC
2379,KCASH
2382,SXUT
2386,KZC
2387,BCA
2391,EKO
2392,BTO
2394,TEL
2395,IC
2396,WETH
2398,KEY
2399,INT
2400,RNT
2403,MOAC
2405,IOST
2406,IDT
2407,AIT
2410,SPC
2411,ORE
2415,ARCT
2416,THETA
2419,PUT
2424,AGIX
2427,CHAT
2428,DDD
2429,MOBI
2430,HOT
2437,YEE
2438,AAC
2441,MOF
2443,TNC
2444,C20
2446,DTA
2447,CRPT
2448,SPK
2449,DUBI
2450,CV
2452,TBX
2453,EKT
2454,UIP
2457,TRUE
2458,OCN
2459,IDH
2462,AID
2464,EVE
2465,BUX
2466,AXPR
2467,TRAC
2468,LET
2469,ZIL
2470,MEET
2471,SLT
2473,SOC
2474,MAN
2475,GRLC
2476,RUFF
2478,COFI
2479,EQL
2481,ZPT
2482,CPC
2489,BTW
2490,CXO
2492,ELA
2496,POLY
2497,MTN
2499,CHSB
2501,ADB
2502,HT
2503,DMT
2505,BLZ
2506,SWM
2507,TKY
2511,WPR
2513,MNTP
2516,MLM
2525,ACAT
2528,DTH
2529,CAS
2530,FSN
2535,EDGE
2536,NTK
2537,GEM
2539,REN
2540,LCC
2544,NCash
2545,ABT
2546,REM
2548,POA
2552,IHT
2553,RFR
2554,LYM
2555,SETH
2556,CS
2558,INSTAR
2561,TUBE
2562,LEDU
2563,TUSD
2564,HQX
2565,STAC
2566,ONT
2567,DATX
2569,CHP
2570,TOMO
2571,GRFT
2572,BAX
2573,ELEC
2575,BTCP
2576,TEN
2577,RVN
2578,TONE
2579,SHIP
2584,DEB
2585,CENNZ
2586,SNX
2588,LOOM
2592,BANCA
2595,NANJ
2597,UP
2601,1WO
2603,NPXS
2604,BITG
2605,BFT
2606,WAN
2607,AMLT
2608,MITH
2614,XBP
2616,SPD
2620,SWTH
2624,SENC
2626,FDZ
2627,TPAY
2628,BERRY
2629,XLA
2630,NCT
2631,ODE
2633,XSN
2634,XDC
2638,CTXC
2642,CVT
2643,DVPN
2644,EOSDAC
2645,UUU
2653,AUC
2655,XMC
2658,MFG
2660,ADI
2661,TRIO
2662,XHV
2665,DERO
2666,EFX
2667,FTX
2673,CHX
2674,MSR
2675,DOCK
2676,PHI
2677,LNC
2679,DML
2682,HOT
2685,ZEBI
2686,LND
2688,VIPS
2689,RBLX
2690,BTRN
2691,PNT
2694,NEXO
2696,DAX
2698,HYDRO
2699,SS
2700,CEL
2704,TNS
2705,AMN
2709,MITX
2711,MTC
2712,MT
2713,KEY
2717,BOUTS
2723,FXT
2724,ZIPT
2725,SKM
2726,GEN
2727,BZNT
2735,CNN
2737,GSC
2739,DGX
2741,IIC
2742,SKB
2745,JOINT
2746,GRN
2747,BMH
2748,OXEN
2752,DTRC
2757,CLO
2758,UBT
2759,PAT
2760,LBA
2762,OPEN
2763,MNW
2764,UBSN
2765,XYO
2766,CPT
2771,RED
2772,DGTX
2775,FACE
2776,AVA
2777,IOTX
2780,NKN
2827,SOUL
2828,SPD
2829,REPO
2830,SEELE
2835,EDR
2836,BBO
2837,0xBTC
2838,PI
2840,QKC
2843,ETZ
2846,FTO
2847,ABYSS
2850,TM2
2852,EGCC
2855,CBC
2856,CEEK
2859,XMX
2861,GO
2862,SSP
2865,TRTT
2866,UPP
2868,DAG
2869,MVP
2870,FGC
2873,MET
2874,AOA
2876,TERN
2878,DFT
2879,ORS
2880,RTE
2882,ZCN
2883,ZINC
2885,EGT
2889,BOB
2890,KNDC
2891,CARD
2894,OTB
2896,MFT
2898,GOT
2900,PAI
2901,FTI
2906,ESS
2907,KBC
2908,HSC
2909,LIKE
2912,TENT
2913,DTX
2914,BKBT
2915,MOC
2916,NIM
2920,ZXC
2921,OLT
2927,SUSD
2929,TGAME
2930,IQ
2933,BMX
2934,KAN
2937,VITE
2938,GARD
2941,CET
2943,RPL
2944,ELY
2945,BOX
2947,SOP
2949,KRL
2950,LEMO
2953,BWX
2955,COSM
2958,TRTL
2960,TOTO
2965,VIKKY
2966,FOXT
2970,LCS
2972,ZPR
2976,RYO
2977,BIT
2978,ACED
2980,WAB
2982,MVL
2984,NCP
2986,DACC
2987,TOS
2988,PGN
2989,EURS
2990,EXMR
2991,NIX
2992,APL
2994,BIFI
2998,VEX
3004,ACDC
3006,NBR
3008,VIVID
3011,BITX
3012,VTHO
3013,PRIV
3016,NCC
3018,KLKS
3020,BHP
3023,SEM
3024,ARO
3027,WEB
3029,FLUX
3035,BST
3051,BBK
3052,GOC
3053,YOU
3054,DACS
3056,TCH
3060,YCC
3061,PC
3065,ROCK2
3066,BCV
3070,LXT
3071,EUNO
3077,VET
3078,KIND
3079,X8X
3080,CMM
3082,VIN
3083,LINA
3085,INO
3087,CROAT
3089,AVINOC
3093,BBS
3094,SCR
3095,NBC
3096,NPXSXEM
3097,XOV
3106,PKG
3118,GIO
3120,OWN
3121,IG
3123,GSE
3125,XDNA
3126,XPX
3127,GET
3128,SCC
3129,NYEX
3131,TIC
3132,EGEM
3133,AREPA
3136,MEETONE
3137,KARMA
3138,NOKU
3139,DX
3140,UBEX
3141,PASS
3142,BAAS
3144,THR
3147,HYC
3149,NTK
3151,AKA
3152,OBTC
3154,DAC
3155,QNT
3156,ABL
3158,ZCR
3159,XAP
3162,YLC
3164,PMA
3165,ARION
3166,XBI
3171,HB
3175,MARO
3179,ABX
3181,HAND
3182,HIT
3184,GPKR
3189,MFTU
3194,RATING
3198,KXC
3200,NSD
3203,LOBS
3205,VDG
3208,YUKI
3209,KWATT
3210,MIB
3215,GTM
3217,ONG
3218,NRG
3219,FTXT
3220,DAV
3222,BNC
3223,DOW
3231,BQT
3232,STR
3234,XRA
3238,AT
3241,FKX
3242,BEET
3243,IMT
3247,FLOT
3248,ALI
3251,GOT
3252,SHE
3253,BLACK
3255,CYMT
3256,BTR
3257,GZE
3258,BUT
3259,UC
3260,AMO
3261,EVN
3263,DIN
3264,DIT
3265,HAVY
3266,CARE
3273,IQ
3276,SNO
3279,RTH
3280,RET
3285,BIR
3286,MEX
3287,AAA
3294,BTAD
3295,BU
3296,MIN
3297,GENE
3301,IHF
3302,UCN
3304,MOLK
3305,EDN
3306,GUSD
3311,CSTL
3313,CFL
3315,IOG
3316,AOG
3317,CTRT
3323,PYN
3324,PLURA
3325,ROX
3327,SIX
3328,CMIT
3330,USDP
3332,GOSS
3334,XCASH
3335,SHARD
3336,IQN
3337,QCH
3338,PAXEX
3343,ANON
3344,ECOREAL
3345,DAPS
3347,CARAT
3349,GPYX
3351,ZB
3352,MAS
3354,TRXC
3356,TMTG
3361,MINTME
3362,AUX
3363,WXC
3364,PLC
3366,SINS
3367,CRD
3369,KUE
3371,MIR
3374,RAGNA
3377,XGS
3381,CIV
3383,KNT
3386,ACM
3387,BLAST
3388,FREE
3389,TOL
3390,QUAN
3395,STEEP
3397,NRP
3398,SCRIV
3404,WIX
3408,USDC
3414,ZEUS
3416,WAGE
3417,F1C
3418,META
3422,SHPING
3431,ICNQ
3432,RPD
3433,ENTS
3435,SNET
3437,ABBC
3439,DEAL
3441,DIVI
3444,KUN
3446,ZNT
3449,MMO
3451,BLOC
3452,ETHO
3454,DATP
3456,PLUS1
3457,IRD
3458,ZT
3459,HELP
3464,CHEESE
3466,ISR
3468,FBN
3469,TDP
3470,DT
3476,ITL
3479,MODX
3480,SHMN
3481,PNY
3482,TELOS
3484,WTN
3489,ESCE
3492,VLD
3501,SOUL
3504,HNDC
3505,TYPE
3506,IONC
3507,MBC
3512,APC
3513,FTM
3514,SIN
3516,D4RK
3519,BRZE
3523,SND
3580,CYL
3581,PNK
3582,MEDIBIT
3589,ETHM
3596,XNV
3597,INVE
3600,HUM
3602,BSV
3604,SHB
3607,VEST
3608,UDOO
3609,CWV
3610,MICRO
3611,NOR
3613,DASHG
3615,HQT
3616,BCDT
3617,ILC
3618,GATE
3620,ATP
3621,BTNT
3624,NZL
3625,EQUAD
3626,RBTC
3627,BLTG
3628,MXC
3631,FOAM
3632,OPCT
3633,PLAT
3634,KAT
3635,CRO
3636,LML
3637,AERGO
3639,PXG
3640,LPT
3644,TVNT
3645,SHVR
3646,HERB
3649,NPLC
3650,COVA
3651,NEXT
3652,ZUM
3656,BECN
3657,LAMB
3659,QUIN
3661,SHX
3662,HEDG
3663,XFC
3664,AGVC
3665,IMPL
3666,ULT
3667,AWC
3668,PRX
3669,WCO
3672,DOGEC
3673,ASD
3677,ROCO
3679,RNO
3681,CENT
3682,XTA
3683,AENS
3685,BTCL
3686,CVNT
3687,BTB
3690,BUL
3691,KT
3692,TOK
3695,HYN
3698,OBSR
3701,RIF
3702,BEAM
3703,ADM
3704,VSYS
3707,TOSC
3708,EXO
3709,GRIN
3711,PLA
3712,CLBK
3714,LTO
3715,CAJ
3716,VEO
3717,WBTC
3718,BTTOLD
3721,HPT
3722,TEMCO
3724,SOLVE
3730,TCAT
3731,PLA
3732,CCX
3733,S4F
3734,ELAMA
3735,VGW
3737,BTU
3738,DCTO
3741,ECTE
3742,BNANA
3744,WEBN
3746,ELD
3748,HXRO
3750,XPC
3752,UPX
3753,PLTC
3754,EVY
3755,MNC
3756,MHC
3758,MCF
3759,JNB
3760,SWC
3761,DSCPL
3763,OWC
3764,SET
3767,1X2
3768,PIB
3769,HBX
3770,CCN
3772,SCC
3773,FET
3774,MNC
3777,SPT
3779,COT
3780,SPRKL
3783,ANKR
3786,LUNES
3787,INNBCL
3789,BOLTT
3790,RC20
3791,JWL
3792,ARAW
3794,ATOM
3795,ZEON
3798,XUEZ
3799,SAFE
3800,FEX
3801,BORA
3805,NAVY
3806,TCH
3807,LTK
3809,DOS
3810,ETGP
3814,CELR
3816,VRA
3819,GMB
3820,BHIG
3822,TFUEL
3823,OLXA
3826,TOP
3829,NEX
3830,VEIL
3831,SHA
3832,BBGC
3835,ORBS
3839,XRC
3840,FST
3842,CSP
3843,BOLT
3845,VIDT
3846,VBK
3849,WHEN
3850,OTO
3853,MTV
3854,FUND
3855,LOCUS
3856,SFCP
3858,FNB
3860,BLOC
3863,UGAS
3866,CON
3867,NASH
3868,SIGN
3869,A
3870,LIT
3871,NEW
3873,BOTX
3874,IRIS
3875,VALOR
3876,ENTRC
3877,WEBD
3878,XWP
3879,ESBC
3880,OCE
3882,ARQ
3883,QCX
3884,FX
3885,WPP
3888,BCEO
3890,MATIC
3891,VOLLAR
3893,NOW
3894,CSPN
3895,MAC
3897,OKB
3898,AXE
3899,ZDR
3902,XMV
3904,REEC
3907,BITC
3908,DIO
3910,PEOS
3911,OCEAN
3913,TTN
3914,GTN
3915,MERI
3916,THX
3917,SNTVT
3918,SAFE
3920,DPT
3925,TRAT
3928,IDEX
3929,BQTX
3930,TT
3931,ELET
3933,SWIFT
3934,CNNS
3935,SRK
3936,GNY
3937,NNB
3939,TRP
3942,QWC
3945,ONE
3946,CRE
3947,HNB
3948,TERA
3949,AFIN
3950,NTR
3951,ARRR
3953,EVED
3954,ODEX
3956,BOMB
3957,LEO
3961,BZE
3962,VDX
3964,RSR
3965,TOC
3966,BHD
3968,EUM
3973,AYA
3974,BTC2
3976,BC
3977,SNL
3978,CHR
3980,TCASH
3985,OGO
3986,SCC
3987,BDX
3988,VNT
3990,WFX
3992,COTI
3993,EMT
3996,IOUX
3997,BST
3998,GIG
4001,MPAY
4003,ZNN
4006,STPT
4008,BCZ
4013,XSPC
4014,MCPC
4017,EOSDT
4018,KTS
4020,USDQ
4023,BTCB
4024,RAVEN
4026,DAPP
4027,DVT
4028,MOTA
4030,ALGO
4033,NUT
4034,JAR
4035,HNST
4036,COS
4038,MBL
4039,ARPA
4041,MX
4043,PROPEL
4045,CATT
4047,NBOT
4048,MGC
4051,PAR
4053,QDAO
4054,IGG
4056,AMPL
4058,FO
4060,TRV
4064,USDK
4066,CHZ
4067,CIX100
4069,BURN
4071,UBN
4074,SCP
4075,XCHF
4076,ETHPLO
4077,MAYP
4078,SERO
4079,SLV
4089,BLINK
4090,WXT
4091,PXL
4092,DUSK
4096,ESH
4097,X42
4102,TMN
4103,FLETA
4104,FUZE
4105,XCM
4108,ETM
4112,EVC
4114,GOLD
4115,PVT
4116,TKP
4118,FOR
4119,VD
4120,PROM
4121,SAPP
4122,CCA
4124,EOST
4125,NOIZ
4128,BOOM
4132,BST
4134,AKRO
4136,VLS
4139,BRZ
4142,CBIX
4144,TFBX
4150,GEX
4152,CVCC
4156,IMG
4157,RUNE
4159,BTCT
4160,YEC
4162,STO
4165,CREDIT
4166,RIO
4167,BTR
4172,LUNA
4173,LEVL
4174,BTRL
4176,DAPPT
4180,DDK
4182,GMAT
4183,SFX
4184,ZDX
4189,UOS
4191,NOIA
4193,DYNMT
4195,FTT
4196,PLG
4197,SHR
4199,SWACE
4200,PCX
4202,OPNN
4206,WIN
4207,BIRD
4211,XEQ
4212,LTK
4213,1UP
4215,EM
4217,BOA
4222,1MT
4224,MCASH
4225,CREX
4228,FRM
4229,YO
4230,LHT
4231,HELP
4233,MBN
4238,EVT
4242,PLA
4244,UVU
4245,ENQ
4249,FRA
4250,ZUC
4251,DEEP
4253,CBM
4254,HINT
4256,KLAY
4257,BTRS
4261,XSR
4262,UAT
4263,BCNA
4264,RITO
4268,NYE
4269,GT
4272,TAN
4273,KICKS
4275,COCOS
4276,DEFI
4277,DTEP
4279,SXP
4280,TSHP
4283,BF
4286,ZNZ
4287,JOB
4289,IOEX
4290,LOL
4291,KGC
4292,NBXC
4293,PERL
4297,NBX
4298,RPZX
4299,TOKO
4300,VID
4306,BSOV
4307,UNI
4309,CRON
4315,VDL
4324,JMC
4344,IMGC
4361,BEST
4365,STREAM
4366,MIX
4370,CVT
4380,KLC
4381,YCE
4384,CLC
4385,DIC
4388,EXCC
4397,PEPS
4411,TUP
4424,XDAG
4427,BDCC
4430,VNXLU
4431,VIDY
4441,VXV
4448,ETNX
4452,BDP
4460,PIRATE
4466,ECO
4467,EGG
4487,SCSX
4490,EMRX
4491,FLS
4495,VENA
4502,ABET
4505,MIDAS
4506,HTB
4510,MAR
4512,LN
4520,DVP
4525,YEAR
4534,BITTO
4538,SBE
4542,LYRA
4545,CITY
4546,ZOC
4552,AIRX
4555,FED
4557,USDX
4558,FLOW
4566,XDB
4568,JFC
4571,HDP.ф
4577,LMY
4586,PROB
4618,AKN
4621,USDX
4623,GOM
4630,SIERRA
4642,HBAR
4644,QQQ
4646,BXY
4647,NEWS
4660,TLOS
4664,RCCC
4674,NODE
4677,TEP
4678,GDC
4679,BAND
4680,FYD
4681,CLR
4687,BUSD
4691,ZANO
4693,GXT
4695,EC
4697,RVX
4702,IDRT
4703,BXC
4704,BAN
4705,PAXG
4709,XLAB
4710,CERE
4712,AMON
4715,TKX
4737,IUT
4746,QTCON
4747,VLX
4752,CUT
4754,ILK
4757,XRT
4758,DF
4760,XPN
4761,NU
4769,EOSC
4773,NODE
4774,1GOLD
4777,AZ
4779,HUSD
4782,TN
4786,MDTK
4787,BTCV
4792,VOTE
4793,DILI
4794,FNB
4797,SMILE
4800,MOGX
4801,CDEX
4803,XRP-BF2
4804,ROOBEE
4805,VNDC
4807,CTK
4808,BCNT
4809,WIKEN
4818,XSR
4819,DMME
4823,ZYTH
4824,SYM
4826,ZUM
4834,GLS
4835,NOVA
4841,SUTER
4842,FLG
4844,MCH
4846,KAVA
4847,STX
4848,FORESTPLUS
4850,LINKA
4860,ES
4862,DAD
4864,SCH
4865,NII
4866,GRIMM
4867,BTZC
4870,MES
4881,GDR
4885,IRA
4887,RAE
4890,NWC
4892,MLGC
4894,RINGX
4901,ANCT
4903,INFS
4909,MERGE
4910,CDL
4915,UCX
4916,MODEX
4917,DEXA
4918,BNKR
4920,AET
4927,GRG
4928,MDM
4929,JDC
4936,LOL
4940,KUV
4943,DAI
4944,TRB
4946,VINCI
4948,CKB
4950,LCX
4951,ZYN
4953,"FCT,FCT2"
4955,CXC
4956,MAP
4957,BIP
4974,EXM
4975,NST
4978,WOW
4979,PEG
4980,SEED
4983,DMTC
4984,MACH
4985,ARDX
4991,PHT
4996,ULG
4997,XIO
5001,GC
5002,SCAP
5003,VAULT
5005,ARX
5007,TROY
5011,ALY
5015,HEX
5016,INNBC
5019,CALL
5024,ALLBI
5025,JADE
5026,OXT
5028,ROAD
5031,MWC
5034,KSM
5038,CASH
5039,STS
5046,STM
5049,VRSC
5052,ANK
5056,BULL
5060,XNC
5062,BEPRO
5065,AXL
5067,MAX
5068,USDN
5070,XTP
5072,RKN
5074,UBU
5076,GLOB
5078,THE
5079,APM
5083,CUR
5084,PLF
5086,UPI
5088,GUAP
5090,GGC
5097,onLEXpa
5099,HANA
5103,IPX
5108,808TA
5109,FRED
5113,SURE
5114,CNB
5115,KRT
5117,OGN
5125,MCM
5126,SOC
5127,HTDF
5130,KTT
5132,UNIS
5135,AfroX
5143,DMS
5154,BKK
5155,NYZO
5157,BULL
5158,BEAR
5159,WEST
5160,DUN
5161,WRX
5165,EDI
5168,BXC
5169,PYRO
5170,IFX24
5174,BUX
5175,BTCV
5176,XAUT
5179,CLX
5180,BFF
5181,TRYB
5184,BTCP
5185,KOK
5187,JRT
5189,AK12
5190,FLEX
5192,KONJ
5198,CTC
5200,GLEEC
5203,PMGT
5204,R2R
5208,WPX
5214,PHT
5216,ETHBEAR
5217,ETHBULL
5219,USDB
5220,XQC
5221,HNS
5224,JUV
5225,BAR
5226,PSG
5227,ATM
5228,GAL
5229,ASR
5233,WCC
5234,DNA
5236,KEMA
5246,VX
5247,ZFL
5251,LAR
5253,HUSL
5255,LBK
5258,APIX
5259,EMRALS
5263,CDAI
5265,CUSDC
5266,MLK
5267,QBZ
5268,EWT
5270,FCH
5274,EDG
5275,PCI
5277,SNB
5278,JOYS
5279,SOLO
5280,BLCT
5282,KMW
5286,KIM
5287,ZTC
5291,LUCY
5292,imBTC
5295,BNBBULL
5299,HDAO
5300,INEX
5305,BTSE
5309,OG
5313,CTCN
5316,ZCH
5320,BONO
5322,GCX
5326,ORC
5328,WOM
5329,LRG
5330,ULT
5332,CNX
5334,RAKU
5336,HMR
5337,iOWN
5338,CUBE
5343,FSC
5350,XPR
5354,PEAK
5355,CPAY
5358,IBS
5362,XLPG
5363,XPT
5364,DXC
5365,HTA
5366,GTX
5367,ODE
5370,HIVE
5375,HBD
5376,CNRG
5378,TRXBULL
5379,TRXBEAR
5380,HUNT
5381,PGO
5382,EL
5383,B1P
5392,SCOP
5393,TST
5397,CTT
5399,TLW
5400,CHG
5401,CLT
5403,UFO
5404,BTCR
5407,KDG
5409,FOUR
5410,PRQ
5412,XRPBULL
5413,XRPBEAR
5414,EOSBULL
5415,EOSBEAR
5418,LMCH
5420,SONO
5423,DSLA
5425,SEFA
5426,SOL
5427,CHND
5429,DEP
5430,SATX
5432,BBC
5433,MLR
5434,PBTC
5435,EPIC
5437,BIZZ
5441,ETF
5444,CTSI
5445,LBK
5446,USDJ
5447,HLIX
5449,BEER
5450,WBX
5453,KAI
5455,TREX
5459,BSVBEAR
5460,BSVBULL
5461,LTCBEAR
5462,LTCBULL
5463,XTZBEAR
5464,XTZBULL
5465,ACOIN
5466,BCHBEAR
5467,BCHBULL
5468,ISIKC
5469,AMA
5471,GHOST
5473,CRDT
5474,XXA
5475,GHOST
5478,ECU
5479,UCA
5480,BALI
5481,BASIC
5482,CCXX
5486,JACK
5487,BET
5488,JST
5489,SGC
5490,LBXC
5508,ALG
5509,AAB
5512,BID
5513,CHFT
5514,TTT
5516,LOA
5518,TOR
5520,MARTK
5521,EZY
5522,SENSO
5524,TNC
5529,ASY
5530,KEYT
5533,SKC
5534,IBVOL
5536,AG8
5538,GLDY
5539,VRO
5540,MPS
5541,CHI
5542,BVOL
5544,ALN
5545,NFXC
5548,MASS
5552,HTR
5554,VANY
5556,RES
5560,ICH
5563,CBC
5566,KEEP
5567,CELO
5572,HOMI
5577,LSV
5578,LEVELG
5580,IDK
5583,HAI
5587,2KEY
5589,DXD
5590,GEO
5591,PYRK
5595,MCC
5599,XTRM
5600,ATT
5601,STAKE
5604,SCRT
5608,BTCUP
5609,BTCDOWN
5610,ZASH
5612,SSX
5614,ZLW
5616,MATH
5617,UMA
5618,DAWN
5619,VAIP
5620,EXE
5622,DMCH
5623,SKI
5625,LYXe
5626,KDAG
5629,NDN
5630,WGRT
5631,ORN
5632,AR
5633,UCM
5634,FUSE
5640,PXP
5641,BPC
5644,BBC
5647,KDA
5648,BNOX
5651,CBET
5656,HEDGE
5658,ETHHEDGE
5659,XANK
5660,POWER
5661,FCH
5662,SYLO
5663,ZPAE
5665,HNT
5667,BGL
5673,EYES
5674,PHNX
5677,IZE
5686,VECT
5690,RNDR
5691,SKL
5692,COMP
5694,UNIUSD
5697,DDRT
5698,GM
5702,MNS
5703,NMP
5704,BUIDL
5705,AWG
5709,CHI
5712,FNX
5713,RVC
5719,CGT
5721,SORA
5722,HOMT
5728,BAL
5729,SOUL
5732,BTCHG
5741,DMG
5742,CBAT
5743,CZRX
5744,CWBTC
5745,CUSDT
5746,CREP
5747,MUSD
5748,MTA
5749,ATUSD
5751,ALINK
5752,ASNX
5753,AMKR
5754,ABAT
5755,ABUSD
5763,ADAI
5764,SBTC
5765,SETH
5775,OKS
5776,TBTC
5777,RENBTC
5778,ETHP
5779,YSR
5781,CBP
5782,BSY
5785,STP
5786,LYFE
5789,SAVE
5792,BNA
5794,PNT
5796,DRS
5798,RING
5800,TRCL
5801,NOKN
5802,XOR
5803,BCHC
5804,DFI
5805,AVAX
5806,IMT
5807,REL
5809,CAP
5810,BZRX
5814,RM
5815,BPS
5816,REW
5818,OMC
5820,GST
5821,ALEPH
5824,SLP
5827,AST
5828,VN
5829,SWAP
5830,NXM
5833,ASKO
5834,ADD
5835,DEC
5836,IDNA
5837,DRM
5839,GOM2
5840,INX
5841,NEST
5842,PUML
5843,STONK
5847,XGM
5849,NOLE
5850,BPT
5855,BLVR
5856,VLT
5857,FMA
5858,QANX
5864,YFI
5865,FIO
5866,DEXT
5868,STA
5871,FNT
5873,NAX
5876,FLUX
5877,RARI
5880,PROPS
5881,BLX
5882,FIS
5884,ECU
5885,ECOS
5886,RWN
5889,SGT
5892,ANY
5893,FRONT
5894,DYT
5898,IDX
5899,CSPR
5900,DDR
5902,DVC
5904,CLOUT
5906,NVT
5907,3Cs
5908,DKA
5912,4ART
5914,INTX
5918,AIM
5919,MTRG
5922,SWINGBY
5924,PAN
5925,PKOIN
5931,KTON
5932,EFIN
5933,FIRE
5935,KARMA
5939,WNXM
5945,TEM
5946,xZAR
5947,TPT
5949,UHP
5952,DMST
5955,FME
5956,MCB
5957,YFII
5958,MOV
5963,CNS
5964,TWT
5965,PWRB
5966,STC
5967,TRND
5969,KIWI
5971,TEND
5972,TRUST
5973,VSN
5985,LIMEX
5987,SST
5989,BNS
5990,DEV
5993,L2P
5994,SHIB
5995,KASH
5998,XAMP
5999,XT
6004,BWB
6018,CNC
6025,DGMT
6026,ME
6028,MDU
6036,CTC
6037,LINKBULL
6039,CNTM
6040,ADABEAR
6051,888
6053,MNR
6062,HPX
6069,ASM
6070,EIDOS
6074,ALGOBULL
6075,GIV
6077,ALTBULL
6079,ADABULL
6080,ATOMBULL
6081,DOGEBULL
6082,DRGNBULL
6083,ETCBULL
6084,HTBULL
6085,MATICBULL
6086,MIDBULL
6087,OKBBULL
6088,BULLSHIT
6090,TOMOBULL
6094,LINKBEAR
6099,ETCBEAR
6105,HAPY
6107,EHRT
6110,KYSC
6111,ECOIN
6113,BPLC
6116,MBONK
6118,BITO
6120,ANW
6126,BYTE
6129,ETH20SMACO
6130,ETHMACOAPY
6131,ZYX
6138,DIA
6139,ETHBTCRSI
6140,LINKETHPA
6141,ETHPA
6143,ETHRSI6040
6145,YFFI
6155,INTRATIO
6156,DONUT
6158,LINKETHRSI
6159,LINKPT
6176,MOBIC
6178,SAGA
6179,SNN
6180,SUKU
6187,SRM
6193,CREAM
6194,GEEQ
6195,TRADE
6209,SPH
6210,SAND
6211,DION
6213,GAT
6216,AXEL
6218,ARCONA
6219,DICE
6225,BXA
6230,DVS
6236,XFT
6237,TMED
6238,XAUTBULL
6240,XAUTBEAR
6243,PIE
6245,SG
6246,YAS
6248,COAL
6249,ZIK
6253,PPC
6256,SHENG
6257,BERRY
6262,JT
6264,DEC
6265,PLAY
6266,SCC
6283,BLY
6297,POL
6312,BNBHEDGE
6320,DOGEHEDGE
6323,LKN
6326,IX
6330,TUNE
6342,XRPHEDGE
6346,DEFIBULL
6352,THETABULL
6353,VETBULL
6369,MXW
6375,ASTA
6376,AVC
6391,BSYS
6392,BTSC
6395,YT
6405,MINI
6406,sBTC
6407,YFL
6410,FLL
6416,DT
6423,DRGB
6426,DSYS
6430,EVZ
6435,ESK
6436,EM
6442,FBT
6444,FX1
6446,FSHN
6447,FSCC
6448,FFF
6450,GBX
6457,GTF
6464,HTN
6468,PERX
6470,HIBS
6475,RICK
6477,FXP
6482,JUR
6487,KVA
6490,ITAM
6493,KSC
6494,ZJLT
6495,LVH
6496,PORTAL
6498,MTC
6500,TFT
6501,DICE
6503,RMPL
6506,HALV
6507,KLP
6508,TERC
6511,STRONG
6519,ALD
6520,HOPR
6524,NDAU
6527,LUD
6529,NAN
6532,MANDI
6533,SAT
6535,NEAR
6536,OM
6537,RFUEL
6538,CRV
6539,YAM
6540,SHO
6541,REL
6542,HBDC
6543,BRTR
6548,WEC
6554,GHX
6556,PARTY
6558,XAG
6559,ORBYT
6562,VIG
6564,SPORTS
6565,TBT
6566,LOCK
6572,EQMT
6583,MXX
6584,WING
6586,BNTX
6588,DIP
6592,BART
6593,GEAR
6594,MYX
6597,MEME
6598,ANG
6600,ALG
6602,XFUEL
6607,MXT
6609,DCNTR
6610,DFS
6611,DDIM
6615,LOVE
6617,ETHV
6621,KEN
6622,HAKKA
6624,GOLDR
6625,IBP
6626,SPIZ
6627,MTR
6628,eMTRG
6636,DOT
6638,LAYER
6641,AHT
6645,COIL
6649,CAT
6650,NFT
6651,USDX
6653,USDF
6654,CPI
6655,KSS
6657,YAMV2
6664,GRAP
6665,LGCY
6667,XIOT
6668,CREDIT
6669,CVP
6670,AXIS
6672,DFIO
6674,FYZ
6675,MIKS
6679,WHALE
6680,DIGEX
6682,POX
6684,DEXG
6686,yVault LP-yCurve(YYCRV)
6689,DGVC
6692,MORK
6693,OCP
6696,THS
6697,TIIM
6700,LIB
6701,BUY
6703,CATX
6704,JBX
6705,LIEN
6708,YFIE
6709,VIDYA
6711,MAZ
6714,LIBFX
6715,SPA
6718,GRO
6719,GRT
6722,DETS
6724,KLV
6726,YUSRA
6727,RSV
6731,TON
6732,DON
6734,VSN
6735,XLT
6738,QTBK
6739,ONIT
6742,SALE
6743,FSW
6744,CHAIN
6745,CEDS
6747,CRU
6748,CFG
6754,PSWAP
6756,ACA
6758,SUSHI
6760,ESTI
6761,EFK
6765,ESRC
6766,STOP
6771,DHX
6773,FXC
6775,DIP
6783,AXS
6789,BCUG
6796,DOTX
6799,SWFL
6801,TRIX
6803,ATTN
6804,MQL
6810,CYCLUB
6822,DISTX
6823,SEMI
6824,EPS
6829,PEARL
6830,KILT
6833,LIT
6836,GLMR
6839,KIMCHI
6841,PHA
6843,RAD
6850,DFT
6852,ADEL
6855,BIDR
6857,BID
6859,FARM
6861,CHART
6862,BOOST
6863,YFFS
6865,CRP
6866,TAI
6867,STA
6868,SHARE
6869,OCB
6870,OIN
6872,CRT
6874,SAL
6881,DUSD
6882,EXNT
6883,KIF
6886,YFBETA
6887,UCO
6888,OPM
6889,LIVE
6890,TON
6891,SHROOM
6892,EGLD
6894,ASTRO
6896,CORN
6898,JFI
6901,SWRV
6905,EURU
6906,GBPU
6907,USDU
6909,YFA
6911,BNSD
6912,YI12
6914,JCC
6916,FRMS
6918,FORS
6919,DFX
6920,COIN
6928,BEL
6929,HEGIC
6930,KEX
6931,TCP
6933,NCDT
6934,BEAR
6935,FFYI
6938,YF-DAI
6940,LEAD
6941,HBTC
6942,JGN
6943,BGTT
6944,MM
6945,AMP
6947,VBIT
6949,HGET
6950,PERP
6951,REEF
6952,FRAX
6953,FXS
6956,BUILD
6957,ALBT
6958,ACH
6960,BOX
6961,G$
6963,DMD
6965,HBC
6966,I9C
6971,PRDX
6975,YFFII
6976,FDR
6978,CLA
6982,OBIC
6983,DOOS
6984,FIT
6986,NUTS
6989,ZDEX
6991,SASHIMI
6992,SPARTA
6993,REVV
6997,SAKE
6998,YOK
7001,XRPUP
7002,XRPDOWN
7003,DOTUP
7004,TRXDOWN
7005,TRXUP
7006,DOTDOWN
7009,BNBUP
7010,BNBDOWN
7011,LINKUP
7012,LINKDOWN
7013,ADAUP
7014,ADADOWN
7016,ETHUP
7020,NYAN
7021,ON
7022,PICKLE
7024,TXL
7030,BEC
7031,CHADS
7033,ESD
7034,GOF
7036,LNT
7038,XFI
7040,UBXT
7041,GTH
7044,ZYRO
7046,GHST
7047,TRBT
7048,WING
7049,ETHPY
7055,DPI
7059,MBN
7060,TONS
7063,ZOM
7064,BAKE
7073,HBC
7074,XOR
7075,P2P
7077,UP
7080,GALA
7083,UNI
7084,SUSHIBULL
7087,DEGO
7093,YFMS
7094,DHT
7095,SOCKS
7096,BRG
7102,LINA
7103,ORC
7105,ASK
7109,HATCH
7110,NBS
7113,MKCY
7116,ACPT
7118,LNOT
7121,SAM
7122,UNIFI
7126,GHD
7127,VELO
7129,UST
7131,YAM
7133,DUCATO
7134,FNSP
7135,KSEED
7136,ONES
7140,yTSLA
7141,AXI
7143,YFIII
7145,DSS
7148,ISDT
7150,FLM
7154,ITEN
7157,BASID
7158,BURGER
7159,DCD
7161,GMC
7166,YFIX
7167,ACU
7169,KFC
7174,$ROPE
7178,COMB
7182,BHC
7186,CAKE
7187,SFG
7189,OUSD
7190,PTF
7191,SWSH
7192,WBNB
7198,SPKL
7199,UCR
7200,BID
7202,OCTO
7203,PURE
7206,TITAN
7208,POLS
7211,ZOMB
7212,ECELL
7214,C2O
7215,CXN
7216,LUA
7217,MPH
7219,RBC
7221,WLEO
7222,YAXIS
7223,XFI
7224,DODO
7225,FIN
7226,INJ
7227,APY
7228,DDX
7229,GEL
7230,OPIUM
7231,NSURE
7232,ALPHA
7235,TMC
7236,CUSD
7237,YFBT
7242,CORE
7243,QHC
7244,SATT
7245,STBU
7247,IPM
7250,YFE
7255,AITRA
7256,MTLX
7257,APE
7262,XDNA
7263,HLP
7270,SFD
7271,IOV
7273,UFFYI
7276,KIRO
7277,BDCASH
7278,AAVE
7281,XPRT
7284,DOUGH
7286,YFOX
7288,XVS
7296,TRU
7301,AWX
7305,777
7307,CYTR
7308,CUNI
7309,BLV
7310,GXT
7311,BIFI
7312,XFL
7314,DEFI+S
7315,PGT
7317,YEA
7318,ZUT
7320,NSBT
7321,YOUC
7322,STPL
7326,DEXE
7329,LYNC
7331,YFPRO
7332,EZ
7333,DFIP
7334,CFX
7336,INDEX
7337,DEFI+L
7346,KAU
7348,PRT
7349,CNTR
7351,FRIES
7355,RFX
7363,POP
7366,STBZ
7367,SNOW
7368,PIPT
7371,MOVE
7375,SUP
7376,DOKI
7377,DOGES
7379,LIMIT
7380,DRC
7381,COFI
7382,AC
7385,CRAFT
7386,MILK2
7389,NFY
7390,SHAKE
7391,SPC
7392,TTX
7395,ATRI
7396,xMOON
7398,COR
7399,GMNG
7400,YEFIM
7403,WBIND
7404,VALUE
7406,MOONS
7410,YFDOT
7411,CQT
7412,UFT
7414,EYE
7420,DRC
7422,PLOT
7423,RUC
7424,HEZ
7425,PAYT
7428,SWAG
7429,LQTY
7430,ZEFU
7431,AKT
7435,PPBLZ
7436,BNF
7437,MBX
7438,ZEE
7440,BOND
7442,YFIA
7445,CCOMP
7447,GNC
7448,LCG
7454,ETGF
7455,AUDIO
7460,AQT
7461,PLA
7462,UTED
7463,RAMP
7465,VOX
7467,SWG
7469,AFC
7472,WG0
7473,WCK
7474,AXIA
7475,CAMP
7478,YFN
7481,MOONDAY
7483,DFGL
7486,RGT
7487,CHONK
7489,yBAN
7496,SPORE
7497,POND
7498,YIELD
7501,WOO
7502,STAX
7504,WON
7505,EVER
7507,NVA
7509,BOR
7510,QRX
7511,DOGDEFI
7512,UNISTAKE
7513,BTNYX
7514,IDALL
7515,UBIN
7517,YFICG
7518,VOICE
7521,EDC
7530,YFRM
7533,ORAI
7534,NAMI
7535,KP3R
7536,ASP
7537,TAT
7539,CLBR
7540,MEGA
7543,HOO
7544,TLB
7545,JNTR
7547,SURF
7548,WEMIX
7551,YYFI
7552,HYVE
7553,eRSDL
7554,HIZ
7558,DOC
7559,TAD
7560,FMTA
7569,$KING
7570,BLURT
7572,YSEC
7574,STACY
7576,HARD
7579,MARS
7582,KP4R
7583,AUSCM
7584,SAP
7585,FWT
7586,EARN
7587,UTU
7588,GSWAP
7589,CHM
7590,DVI
7591,MSB
7593,DFD
7594,SMTY
7595,SERGS
7596,SMARTCREDIT
7597,NEBO
7598,TSLA
7609,FLA
7611,ZLP
7612,YFB2
7613,YFIM
7614,TEAT
7616,LTX
7617,SFI
7618,ALPA
7619,BCA
7620,TWI
7622,UBX
7623,LST
7624,G1X
7625,GASP
7627,PICA
7628,CORAL
7631,FRMX
7632,RAK
7634,LOV
7635,UNW
7636,TH
7637,TRA
7638,APL
7639,CAI
7640,FCD
7641,MVEDA
7643,NYAN-2
7645,WTK
7647,AZUKI
7650,LIQUID
7653,ROSE
7654,RFOX
7655,CCE
7658,GGT
7661,GYSR
7664,UNCX
7665,EGG
7669,UNCL
7670,BST1
7671,SEEN
7672,UNFI
7676,AXN
7677,REAP
7678,ROOK
7679,DTUBE
7680,SAV3
7681,IDEA
7684,ORO
7687,FOL
7689,YUP
7690,YFD
7691,FAR
7692,EXRD
7694,GDAO
7697,WIS
7698,CORX
7699,CFi
7703,MVC
7705,ANV
7714,SWISS
7717,TECRA
7718,COMB
7720,DEFO
7721,KUN
7723,JEM
7725,TRU
7726,ICHI
7727,UWL
7732,BMP
7734,TOM
7737,API3
7738,TMCN
7739,KIT
7740,POLA
7742,MPH
7743,ETHY
7746,FLX
7747,RFI
7748,BSC
7749,EPAN
7750,EDEN
7751,KP2R
7752,LIBREF
7753,BKKG
7755,HANDY
7756,OBTC
7760,KOMET
7761,BUP
7762,LYR
7763,BDT
7764,SMBSWAP
7771,7ADD
7772,L2
7776,VNLA
7778,MTS
7779,XPT
7783,OPEN
7784,BLINK
7785,BUND
7787,JSB
7788,YLFI
7789,OSB
7791,BUNNY
7795,BIRD
7803,ETHYS
7805,MUSE
7806,CORN
7809,CRBN
7811,BVL
7812,SYNC
7813,BAC
7814,ATP
7815,CLIQ
7816,BAS
7817,BFC
7819,UCAP
7821,ROYA
7824,VAI
7826,ZORA
7828,KODX
7832,RAP
7834,DJV
7835,MTTCOIN
7837,APLP
7838,BASE
7841,IDLE
7843,ARCC
7844,ACS
7846,UNB
7848,UND
7851,TWA
7852,ITS
7854,ACXT
7855,GCR
7857,MIR
7859,BADGER
7860,CTI
7862,YFIAG
7864,DGP
7866,MONA
7869,REDC
7870,PPAY
7875,MM
7876,VAL
7878,MOB
7879,NIF
7880,YFID
7881,SKLAY
7882,WOZX
7883,WELL
7884,ELT
7885,KTLYO
7886,GLOX
7887,TSLA
7888,NIO
7889,BABA
7890,AMZN
7891,PFE
7892,BYND
7893,TSM
7894,AAPL
7895,BILI
7896,ARKK
7897,FB
7898,MSTR
7899,NFLX
7900,MRNA
7901,PYPL
7902,SQ
7903,AMD
7908,GETH
7913,NVDA
7914,GOOGL
7915,SPY
7916,TWTR
7917,UBER
7918,BNTX
7919,TSLA
7921,BABA
7923,PFE
7924,AAPL
7925,BNTX
7926,FB
7927,GOOGL
7928,NFLX
7930,BILI
7931,BONDLY
7932,ABNB
7933,A5T
7942,XCUR
7947,RANK
7949,IFEX
7952,vSXP
7957,vUSDT
7958,vUSDC
7959,vBUSD
7960,vXVS
7964,vLTC
7965,vXRP
7969,XVIX
7972,HNY
7973,DEFLCT
7974,vBCH
7975,vLINK
7976,vDOT
7977,DUCK
7978,FIDA
7980,PLEX
7981,PIGX
7986,HUB
7988,SZCB
7990,RLE
7991,YLD
7992,LDN
7993,NDR
7996,BSE
7997,RENFIL
7998,PRDZ
8000,LDO
8001,mAAPL
8002,SPDR
8003,mGOOGL
8004,mTSLA
8005,mNFLX
8006,mBABA
8007,NFUP
8011,DJ15
8012,MEDI
8014,FNK
8016,mAMZN
8017,mMSFT
8018,mTWTR
8019,N3RDz
8020,DFIAT
8023,SPICE
8024,mIAU
8025,mQQQ
8026,mSLV
8027,mUSO
8029,OXY
8030,LOOT
8031,GZIL
8032,ABS
8034,BIOT
8035,GR
8036,YVS
8037,TVK
8040,R34P
8043,MAHA
8044,ADP
8045,VISION
8046,CTC
8048,EOC
8049,TORN
8056,UNN
8057,$ANRX
8059,GRPL
8060,B21
8063,DUCK
8066,YLD
8068,COIN
8071,ONX
8074,BSD
8075,RLY
8076,CAP
8077,ROOT
8079,DXF
8080,DYP
8082,TCORE
8083,LON
8084,N0001
8085,stETH
8086,DITTO
8087,FAST
8093,DPC
8100,aETHc
8103,UNL
8104,1INCH
8105,ROCKI
8106,DSD
8107,CBK
8112,BANK
8113,CBANK
8117,DMX
8119,SFP
8120,WHITE
8121,MIS
8123,AUDT
8124,DRC
8125,RARE
8126,BPP
8129,FIRE
8130,HYPE
8131,CGT
8132,BIFI
8133,SKEY
8134,KP3RB
8135,KEK
8136,WAXE
8137,MIC
8140,WIFI
8141,MIS
8143,NORD
8144,OVR
8145,SFUEL
8146,ZMT
8147,WASP
8148,DGCL
8149,FVT
8150,UOP
8156,GGTK
8159,ONC
8160,ONS
8161,SPI
8162,AME
8163,XED
8164,JULD
8166,MAPS
8167,WISE
8168,BAO
8169,PIS
8172,SBDO
8173,LOON
8174,CIR
8176,FDO
8177,KFX
8181,DEPAY
8182,VIDYX
8184,HXN
8185,TRISM
8186,BANANA
8187,YOP
8188,MSWAP
8189,KOBE
8190,BSCX
8191,NFTX
8193,TEN
8194,DNS
8196,MNTIS
8198,HPS
8200,FOX
8201,DCL
8202,ZKS
8204,BTD
8205,BTS
8206,QUICK
8207,PAL
8212,EDC
8213,vFIL
8214,vDAI
8216,XEP
8217,CHS
8219,BDO
8220,SECO
8221,TRONX
8224,DEQ
8227,CNFI
8229,UMX
8230,AIN
8232,UNIDX
8233,HITX
8235,WXMR
8236,GLCH
8237,BSDS
8243,PSI
8244,CSX
8245,HYDRA
8247,YOT
8249,3CRV
8252,pBTC35A
8253,Mars
8255,PROS
8256,HGOLD
8258,CUDOS
8259,COMBO
8260,NDX
8264,BAGS
8265,HELMET
8267,OKT
8268,SLM
8270,GERA
8271,POOLZ
8272,RUNE
8275,ISAL
8276,ARIA20
8278,VRX
8279,NGM
8281,GOLD
8282,KOIN
8284,NTB
8286,CAVO
8290,SUPER
8292,ROUTE
8293,ZERO
8294,MUST
8295,CPU
8296,KSP
8298,PARA
8299,SDT
8300,CVR
8304,RIGEL
8305,INFI
8307,DIGG
8309,ARMOR
8310,DIS
8314,NIA
8316,XUSD
8319,POC
8320,PBR
8321,STN
8323,BCP
8325,EOX
8328,arNXM
8329,PAID
8330,XST
8331,ELX
8334,KEBAB
8335,MDX
8336,TROP
8337,WSCRT
8339,XFUND
8340,NAVI
8341,YBO
8342,GME
8343,AMC
8344,GBTC
8345,BB
8349,OOKS
8351,ROOM
8353,BETH
8357,BITCI
8358,PTM
8363,RENDOGE
8364,BMI
8365,CWS
8366,WORLD
8367,NCT
8368,XNO
8372,XNODE
8373,QUAI
8375,GOGO
8376,MASQ
8377,SX
8378,AKITA
8379,PHO
8382,PTA
8383,FIC
8384,CLV
8385,UMB
8386,GUM
8387,AUTO
8389,BAMBOO
8390,$TRDL
8393,ZUSD
8394,ANI
8397,FEG
8398,YFO
8399,LOTTO
8400,UNDG
8405,BFLY
8406,APN
8408,GOVI
8409,RAZOR
8410,MASK
8411,MFI
8412,MP3
8413,RPT
8414,FAI
8415,MRC
8416,FXF
8418,CTASK
8419,APYS
8420,DAO
8421,ARGON
8422,PNG
8423,MINT
8424,DERI
8425,JASMY
8426,FILDA
8427,LHB
8428,MSC
8431,G999
8433,CHOW
8438,HOGE
8439,WARP
8441,XCF
8442,ETHIX
8443,LUXO
8444,GFARM2
8445,SGT
8448,MCT
8449,EGG
8450,COLI
8452,SHIELD
8453,TIGER
8454,RADAR
8455,TME
8457,B20
8458,NUX
8459,PIZZA
8463,TAP
8464,YFBTC
8467,RIT20
8469,LAVA
8470,SCV
8476,PREMIA
8478,DVD
8479,VAI
8481,BREW
8483,BRY
8484,OLY
8485,MDS
8486,MDO
8487,TBCC
8489,XSGD
8492,VSP
8493,PRVS
8494,MOD
8495,ID
8496,WOWS
8497,BANANA
8499,FIT
8500,NTX
8501,LPNT
8506,HASH
8508,POOL
8509,XMON
8510,QI
8513,BASX
8515,DEVA
8517,BITT
8518,CHIK
8519,XEND
8522,TOZ
8524,WHT
8525,RAI
8526,RAY
8528,HBO
8530,SLNV2
8531,QTF
8532,HPAY
8534,CHEX
8536,MASK
8537,CAN
8538,ACM
8540,HFI
8541,erowan
8543,KANGAL
8544,FCL
8545,LPOOL
8547,RAMEN
8548,ALOHA
8549,POLC
8552,SZO
8554,PRCY
8555,VIKING
8556,TCO
8557,DEXM
8558,BT
8559,MCAN
8560,WHL
8561,KEYFI
8563,EXF
8565,BTXN
8566,BSP
8567,HAPI
8569,LBY
8570,GRAPE
8571,PINT
8575,PSIX
8578,BBI
8579,POLK
8581,mABNB
8582,mAMC
8583,mBTC
8584,mETH
8585,mFB
8587,mGS
8588,WAULT
8590,CYC
8593,STAR
8594,aENJ
8595,aETH
8598,SIG
8599,XTK
8601,FONT
8602,AUCTION
8603,MATTER
8605,WOW
8606,BR34P
8607,XGT
8608,CRS
8610,DMC
8611,VKNF
8612,BANK
8613,ALCX
8614,ALUSD
8615,ERN
8616,URUS
8617,PKF
8618,BMXX
8619,MLA
8620,TOWER
8621,WATCH
8622,VBNT
8625,SALT
8629,STACK
8633,NS
8634,MRS
8635,xDAI
8636,TRO
8637,SLICE
8638,MIMO
8640,KIWI
8642,FEI
8643,DOWS
8644,KYL
8645,OIL
8646,MINA
8647,PAINT
8648,CGG
8649,OXB
8650,WANBTC
8651,WANLINK
8652,WANEOS
8653,WANSUSHI
8654,WANUNI
8655,WANUSDC
8656,WANETH
8657,WANUSDT
8658,WWAN
8659,FUEL
8660,BSCPAD
8661,VTX
8662,START
8665,PAR
8666,DFX
8667,DGN
8669,SOV
8670,VOW
8671,VANCII
8673,TOTM
8674,OFF
8675,MINDS
8676,PASTA
8677,XYM
8678,EHASH
8679,UDO
8680,DEOR
8681,FUNDX
8682,WAR
8683,ASVA
8690,CADC
8691,DEXTF
8695,BLANK
8697,KONO
8699,DEGEN
8700,NFTI
8701,SI
8702,ARES
8704,PCNT
8705,BNC
8707,ALPACA
8708,BDP
8709,ETHA
8710,BALPHA
8711,PANDO
8712,TANGO
8713,SCB
8715,TARA
8716,CONV
8717,ODDZ
8719,ILV
8720,INV
8723,BOG
8725,YNI
8726,IDV
8730,BELT
8731,CRX
8732,SWOP
8733,BSKT
8736,RUPEE
8737,GSPI
8738,PSL
8740,SHDC
8741,SOVI
8744,TOSHI
8745,A2A
8746,XIV
8752,LAND
8753,SACT
8755,NRV
8757,SAFEMOON
8758,DFT
8759,ZEFI
8760,ESPRO
8761,DENA
8765,aWSB
8766,ALICE
8769,MPT
8770,NAUT
8771,GYEN
8772,ZUSD
8778,WHIRL
8780,UMBR
8787,UBU
8788,CELEB
8789,EDDA
8790,KINE
8794,TYPH
8795,MUTE
8797,XNL
8798,RAM
8799,INSUR
8800,DORA
8801,LIGHT
8802,KIND
8804,PQT
8806,CARR
8807,EXRT
8811,FSXU
8813,LABS
8814,DON
8823,POODL
8826,MCO2
8827,BOSON
8829,PIG
8831,AUR
8832,AVS
8833,DG
8835,XMARK
8836,SUPERBID
8837,SCHO
8839,EC
8840,DAILYS
8841,ARRO
8843,BSCV
8844,SPRINK
8845,L3P
8849,AXIS
8850,VIPER
8851,EFT
8852,UME
8853,BRICK
8854,FXT
8856,MANGO
8857,ANC
8858,CUB
8859,COFFEE
8862,RAGE
8863,SHOPX
8864,QUAM
8865,VBSWAP
8866,TOOLS
8867,DHV
8868,50X
8870,TFF
8871,RYIU
8872,SAFESTAR
8874,DAFI
8875,UNO
8877,KGO
8879,PIKA
8880,MCRN
8881,MOCHI
8882,ALL
8883,STV
8884,IBFK
8885,NOV
8886,USDP
8891,BTCST
8893,CRETH2
8894,DPR
8895,ORAO
8896,USF
8897,KPAD
8898,HOLY
8899,XSUSHI
8901,RPEPE
8902,FMG
8904,RENZEC
8905,BTSG
8908,VEN
8909,STR
8910,DAILY
8911,STRK
8912,TIDAL
8915,PET
8916,ICP
8917,SHFT
8925,WMATIC
8926,ATD
8930,EBOX
8931,CO2
8934,STKR
8936,TRIAS
8937,WOOP
8938,EPS
8939,NBU
8940,STATE
8942,PAYB
8943,WHX
8947,COPS
8949,IFT
8950,CATE
8952,SPACE
8957,BTA
8959,NCAT
8960,LAS
8961,FST
8962,ETNA
8963,MARSH
8964,xBLZD
8966,SAFEMARS
8968,PMON
8970,LKR
8971,MRCH
8972,SFUND
8978,POOCOIN
8981,WAD
8985,EFI
8991,MEMES
8992,CELL
8993,SAFEBTC
8994,DELTA
8996,STARS
8997,COOK
8999,COLL
9002,BUSY
9005,CON
9007,ZOO
9008,AMI
9009,SATVGv2
9015,COPE
9016,HAUS
9017,PDEX
9018,GFX
9020,TKO
9021,wxDai
9022,SATS
9023,BITS
9024,DDOS
9025,TRIBE
9026,BLES
9027,HVE2
9029,GLQ
9031,MORA
9033,LCMS
9034,pETH18C
9035,VIDA
9038,ALLOY
9039,PTD
9040,PUNDIX
9043,STN
9045,JPYC
9046,8PAY
9047,CARDS
9051,SWIRL
9053,URQA
9054,ROBO
9055,BERRY
9057,VYNC
9059,MERO
9061,RAINI
9062,LPL
9064,SDFI
9065,REFI
9067,OHM
9070,CFXQ
9071,CHNG
9073,ICE
9074,ZUZ
9075,BAFI
9077,WASABI
9078,FC
9081,SAFEEARTH
9082,SWAMP
9083,EQZ
9085,BOMB
9086,HUB
9087,XDEX
9089,10SET
9091,CPC
9092,XBE
9093,MXF
9095,RELI
9097,TRY
9103,GMEE
9104,AIOZ
9105,ARTX
9106,XRGE
9107,ZWAP
9108,MTHD
9109,SVX
9110,KTN
9111,PUSH
9114,ΤBTC
9115,WQT
9118,SCA
9119,TLM
9120,FLY
9123,SEFI
9124,MANY
9125,GAINS
9131,MIST
9132,MoFi
9134,BYN
9138,PNIX
9139,YETU
9140,MSHOT
9145,ROAD
9148,DREP
9149,YAE
9150,ORK
9151,SHD
9153,BDPI
9155,DEFIT
9157,BASK
9158,WOLF
9160,LF
9164,DEP
9167,BA
9169,MMAON
9170,VISR
9171,AAPX
9172,PFL
9173,RAZE
9175,MBOX
9176,RVF
9177,PIT
9178,ELONGATE
9179,DFY
9180,SYL
9182,ZLP
9185,FECLIPSE
9186,DMT
9187,MYID
9188,GDT
9190,ADAM
9191,OCC
9193,PROT
9194,SAITO
9196,GS
9198,HORD
9200,REVO
9201,STACK
9203,GMT
9205,K21
9206,TRUST
9207,MVI
9208,SAFELIGHT
9212,CUMMIES
9213,MNSTP
9214,MOONSTAR
9217,XFIT
9218,MIST
9220,STRX
9225,RGP
9226,ZIOT
9228,MDAO
9229,WHEAT
9231,HUNGRY
9233,IQQ
9234,FROGEX
9235,HYFI
9236,BID
9237,HZN
9238,MOFI
9239,FOX
9240,VGD
9241,SATOZ
9243,CRAB
9244,AFIT
9245,SATA
9247,WEC
9248,CAROM
9249,NFTD
9251,STND
9253,TWIN
9257,OGC
9258,XCH
9259,FOC
9260,ZIG
9261,KEL
9262,UFARM
9263,ZCX
9264,NAME
9265,KIAN
9268,2LC
9269,FINE
9270,BTCBAM
9271,MOMO
9272,MUNCH
9273,OCTA
9274,RMOON
9276,POFI
9277,RVP
9278,RISKMOON
9279,LAUNCH
9283,WAF
9284,SMRAT
9285,MOVR
9286,LEASH
9287,UNIQ
9288,QI
9289,ASAP
9291,CAPS
9292,BITSZ
9294,SAFESUN
9295,CLIMB
9296,ENV
9299,NFTART
9300,ZEP
9302,KEY
9304,DAIN
9308,PYR
9309,HYPER
9312,LABO
9316,SHPP
9318,BCMC1
9319,VNL
9323,GFNC
9326,ROPE
9329,CE
9330,BIXB
9332,WGOLD
9340,DONK
9342,CBT
9344,1MIL
9345,BSCS
9346,N1
9347,PND
9348,CRWNY
9349,CLAIM
9352,MASH
9353,KALA
9355,DOVE
9359,PAPEL
9361,CHAR
9364,UDT
9367,BAFE
9368,EULER
9369,TAKO
9373,MTF
9374,MYC
9377,SEED
9378,ECP
9386,KISHU
9387,HUSKY
9388,SIENNA
9391,REVO
9393,SAFETESLA
9394,GOLDUCK
9395,STRI
9397,SOX
9399,MOONTOKEN
9407,AGOLP
9412,SWAPS
9413,REAU
9414,BABY
9416,TCP
9417,MPL
9418,CBSN
9420,SDX
9421,FORTH
9423,PHTR
9426,KLT
9428,vADA
9430,ALPHR
9432,KOMBAT
9433,GAZE
9436,ELON
9437,CHE
9438,NMX
9440,MOMA
9441,STAK
9443,STEP
9444,KNC
9447,SNY
9449,wSIENNA
9450,BLACK
9451,VSO
9452,BDT
9453,AGVE
9455,LEMD
9456,ASS
9457,SHIELDNET
9458,HOKK
9461,XWG
9462,WAVAX
9465,MOONI
9466,EDGT
9467,CEUR
9468,SPORE
9469,UUNICLY
9473,UPUNK
9474,UDOKI
9475,UCM
9476,UAXIE
9477,UMASK
9478,WAULTX
9479,KST
9480,HOPE
9481,PENDLE
9482,LMT
9484,1337
9487,SHEESHA
9488,ZOO
9489,DOP
9490,ARA
9491,SMG
9492,ELAND
9493,FLX
9495,GEN
9496,NFD
9498,NRCH
9502,PIPI
9503,CTT
9504,NAOS
9505,LEV
9507,GOZ
9508,UCH
9509,LEG
9510,FOR
9511,DFYN
9512,CBIX-P
9518,MEPAD
9519,LABRA
9520,POP!
9522,BONFIRE
9523,PKT
9524,MEDIA
9526,LOCG
9527,ALLEY
9530,FARA
9532,IMX
9533,GNT
9535,CRFI
9537,EPK
9538,FREE
9539,UCT
9543,BICO
9544,PRARE
9545,NFTB
9547,AWS
9548,CROX
9549,MER
9550,PERI
9551,DIGI
9553,BCUBE
9554,ETM
9558,RASTA
9559,LAYERX
9562,CLS
9563,TSX
9566,LUSD
9569,OXO
9574,COSHI
9575,HAMTARO
9576,VLK
9577,MYO
9578,DND
9579,CORA
9580,EVN
9581,BBKFI
9583,MEL
9584,SLAM
9585,XBC
9586,PVM
9588,O3
9590,OBOT
9592,FTS
9593,EQO
9594,G9TRO
9595,CALI
9597,DFND
9598,LION
9601,FF
9602,GOAT
9604,bPRIVA
9605,PNL
9606,PLE
9607,BANK
9608,BOO
9609,COMFI
9613,TPAD
9615,POLX
9618,DGMOON
9619,SEA
9620,WSTA
9621,DINO
9622,NFTFY
9623,FLUNAR
9625,TFC
9626,EMB
9628,RPTR
9630,SAFEICARUS
9631,KALLY
9632,UMI
9635,SYA
9636,WDR
9637,ALU
9638,SDAO
9639,PUSSY
9640,METIS
9641,PNIXS
9643,DON
9650,DIAMOND
9651,EMON
9653,NABOX
9654,SKILL
9655,BTYM
9656,CATE
9657,PNODE
9660,ASET
9662,SLD
9663,ARGO
9665,DPET
9666,TRR
9667,BNBD
9670,GOL
9671,UPBNB
9673,LOWB
9674,WILD
9675,DOP
9677,NDSK
9678,TCAP
9679,MNST
9681,NFTC
9685,JSHIBA
9686,MCHC
9691,VRT
9692,CATZ
9693,DOGGY
9694,UPR
9698,TYC
9700,MCT
9701,JINDOGE
9708,SHIBAPUP
9709,MNTT
9710,KABOSU
9711,SANSHU
9712,SHIH
9713,DMOD
9718,KKO
9719,WOOFY
9720,LAT
9721,SAMO
9736,SHIBACASH
9737,HMNG
9740,PINK
9741,SLIM
9742,ETCH
9747,CNT
9748,RENASCENT
9749,WSB
9751,COLD
9752,AFEN
9755,MOMAT
9756,VPP
9757,WAR
9759,BSCGOLD
9760,STOS
9763,COP
9764,MLT
9765,HANZO
9766,RNB
9767,FREN
9771,LAVAX
9779,SSN
9780,SNOB
9783,ROSN
9789,ETH2X-FLI
9790,COCO
9792,ACE
9795,MEL
9796,TBAKE
9797,XAVA
9798,VEX
9799,SAFEZONE
9805,EV
9807,PROS
9810,LUNAR
9812,GDT
9816,NFT
9817,CWAP
9819,PALG
9820,PLAY
9824,HAPPY
9825,NIIFI
9827,SCONEX
9828,NAFT
9829,BSHIBA
9830,DEXI
9837,FLUX
9839,BBANK
9840,NSFW
9842,NAMI
9844,ATFI
9848,MOONLIGHT
9849,GEMS
9851,GARUDA
9854,TKING
9855,EMAX
9856,KFT
9859,YUMMY
9861,FLOAT
9862,SISHI
9863,TBE
9865,ISP
9866,FEAR
9867,HOTCROSS
9868,XCAD
9869,SPHRI
9870,XWIN
9872,TFC
9873,DEEZNUTS
9879,EXO
9886,MOONPIRATE
9888,OVI
9889,BIST
9891,BNX
9892,YOOSHI
9898,WENLAMBO
9899,PEKC
9900,HODL
9901,FND
9903,CVX
9904,GERO
9905,RUNE
9906,BUNI
9908,XKI
9910,FootballStars
9917,AZX
9920,RUSH
9921,AQUARI
9925,PAMPTHER
9926,SBEAR
9928,SPACE
9930,TENA
9931,SNM
9932,EDOGE
9935,AMA
9936,ELEPHANT
9938,OOE
9941,HUA
9943,USHIBA
9945,CPX
9946,YFX
9947,CHIHUA
9949,SHARK
9951,WEX
9952,Burn1Coin
9954,NTVRK
9958,SMI
9962,STARSHIP
9967,BLAST
9968,CORGI
9969,SMOON
9976,FREL
9980,REDPANDA
9981,$WNTR
9982,DINGO
9983,TOAD
9984,CLU
9987,OSWAP
9989,SLRS
9991,C3
9996,BEZOGE
9997,NOA
9998,UNIC
10003,APES
10005,ZOOT
10006,GTON
10011,COW
10021,DINU
10023,AQUA
10024,TKINU
10027,DICK
10029,USDm
10030,XMS
10031,TENFI
10033,NMT
10034,GEMS
10035,TESLF
10036,BSL
10040,WSG
10042,KAR
10044,CERBY
10045,POL
10046,MOOV
10047,EPIK
10048,$KEI
10049,CITY
10050,HOP
10051,LTRBT
10052,GTC
10053,GOLF
10055,CSM
10059,PNDR
10060,SAFEHAMSTERS
10061,CUMINU
10065,ILUS
10075,SAFESPACE
10078,MTDR
10079,QDX
10080,ISLE
10081,SAFEMOONCASH
10083,CZZ
10087,PACT
10088,POLYDOGE
10089,FIRE
10090,FWB
10093,GSX
10095,ELK
10098,CBD
10099,KALM
10101,KWIK
10102,BSL
10103,LSS
10104,YAY
10109,FEED
10113,GLASS
10114,NST
10117,MOONARCH
10121,BNU
10123,NFTP
10127,JIND
10128,TBC
10132,DUET
10134,FISH
10136,SIL
10139,BIOS
10145,DEFX
10147,TAPE
10150,AQUAPIG
10151,FWATCH
10154,XRE
10155,VNY
10157,SET
10158,GRIMEX
10159,ECOIN
10160,PERRY
10161,OPA
10163,PAPP
10165,PORNROCKET
10166,ELONONE
10167,SPAY
10169,TONE
10170,MRCR
10172,DEK
10174,PYE
10177,OSM
10178,RABBIT
10179,STFI
10180,GMT
10182,FOLD
10183,DES
10185,MOLA
10188,ATA
10189,HINA
10195,ULTRA
10196,KEANU
10197,EROTICA
10199,ENERGY
10201,BBT
10202,STC
10205,DOBE
10207,ZINA
10208,AER
10217,CYS
10219,SDUMP
10221,FAN
10222,VDR
10223,VEGA
10225,PERA
10228,OML
10232,MAKI
10234,DRK
10235,BULK
10236,USX
10237,QI
10238,MIMATIC
10239,SPIRIT
10240,WFTM
10242,PUP
10244,fUSDT
10249,MOONRABBIT
10251,CORGIB
10252,MELODY
10253,GIVE
10255,GAT
10257,SHIBAKEN
10260,XRUNE
10262,KLEE
10264,IONX
10265,NGL
10266,DIREWOLF
10269,CHEEMS
10271,ELE
10272,ALD
10274,CATGE
10275,CATGIRL
10277,TRONPAD
10278,GENS
10279,LESS
10282,PIZZA
10285,SPWN
10289,DAISY
10290,VFOX
10291,CVXCRV
10293,BZZ
10294,DFL
10295,IOI
10297,HIP
10298,Sunder
10300,MIA
10303,JAWS
10307,QBIT
10311,NFTS
10312,ELG
10314,BITE
10319,KOMBAI
10324,GFI
10325,EnergyX
10326,BLP
10329,TASTE
10334,BABY
10336,HAM
10337,SHEESHA
10339,ENE
10347,HMT
10348,SARCO
10349,GOLD NUGGET
10350,BYG
10351,HTMOON
10353,POKELON
10357,DC
10361,FEY
10364,APW
10366,MONSTA
10367,APRIL
10368,CTX
10370,GDEFI
10372,DACXI
10373,TULIP
10376,DAPPX
10378,KAREN
10379,KEKW
10384,DAO1
10385,DRCT
10386,LTNM
10387,FOXX
10388,SXC
10391,CTR
10392,ELP
10393,LEOPARD
10394,KUMA
10402,BPT
10403,KOM
10404,ITGR
10405,POLO
10407,BabyDoge
10408,FORM
10409,OPUL
10411,MFO
10412,HOD
10414,GINUX
10418,2CRZ
10419,SEUR
10420,UCOIN
10421,XTM
10423,XHT
10424,VOL
10426,STOPELON
10427,PKR
10428,ALM
10429,RNBW
10430,ARG
10434,SFEX
10435,PUD
10436,XGC
10439,SWISE
10441,SPACE
10442,DESO
10443,BBQ
10445,JINU
10449,GDL
10452,SOLAPE
10455,EQX
10456,MNG
10461,MEM
10462,SHILL
10463,APAD
10465,TRADE
10467,TITAN
10468,INVEST
10469,LIME
10480,MMON
10482,BULL
10484,IRON
10485,CMK
10491,CAKF
10492,GNBT
10494,OPS
10498,SAITAMA
10501,BACON
10502,SMARS
10504,HEPA
10506,HIT
10508,INST
10511,CAVA
10512,TREES
10513,PINKPANDA
10514,HUNNY
10515,ARCX
10516,PROMISE
10517,BOOMB
10519,CSC
10522,PACOCA
10524,BAKED
10525,PLUT
10526,HAKA
10527,LITH
10528,EXZO
10529,SUN
10530,CWT
10532,DIVER
10533,MAI
10544,CRUSH
10545,YFIH2
10547,BAGEL
10550,BKING
10552,DUKE
10554,SKRT
10555,CNR
10556,BPRO
10557,SWAPZ
10560,SAT
10563,DCB
10566,BLKC
10570,BSCGIRL
10576,MLTPX
10578,MYOBU
10584,JEJUDOGE
10585,TFI
10586,TABOO
10592,LITH
10593,FLURRY
10594,LQT
10598,LED
10603,IMX
10605,HOGT
10608,SAK3
10609,FAN
10610,PAD
10613,EMPIRE
10616,SHIBBY
10620,HONOR
10622,XCV
10628,HDFL
10630,GOG
10631,GODS
10632,GNBU
10636,XIASI
10639,STEEL
10640,KAWA
10641,QUACK
10644,SAFEBULL
10646,NLIFE
10648,EIFI
10653,JDI
10657,YTS
10661,FINIX
10663,CZATS
10665,KOGECOIN
10666,LANC
10669,PALLA
10674,SNP
10675,HARE
10676,RIFI
10677,PLN
10681,MOONRISE
10684,TIKI
10685,OLIVE
10686,EVA
10688,YGG
10692,AIDI
10693,Whale
10695,MOONED
10696,MATPAD
10700,KICK
10704,BMON
10705,CSS
10706,PCHF
10712,AI
10713,BURP
10714,BABI
10715,AIR
10716,NBNG
10720,BPX
10721,TCT
10722,SAIL
10723,EGG
10724,SLW
10725,WEXPOLY
10729,UFO
10730,CHERRY
10731,MCS
10733,CBK
10735,SGE
10740,WLITI
10742,NT
10744,DERC
10746,BSW
10747,ETHPAD
10748,PWAR
10750,QRDO
10751,SGO
10753,GENX
10756,ORT
10757,TURTLE
10759,DVF
10762,LEOS
10763,AM
10764,OLYMPUS
10767,MINE
10768,KAKA
10772,TRDG
10774,PING
10775,LKT
10776,SIGNA
10777,DINO
10778,HERO
10781,WAS
10783,SWAPP
10784,KCCPAD
10785,TRDG
10789,EURT
10790,ARTY
10791,XEC
10793,SAUBER
10796,ARTHX
10797,ACSI
10798,MINIDOGE
10799,SCIFI
10800,HVI
10801,DASS
10803,FEVR
10804,FLOKI
10805,THN
10807,CWT
10808,UBE
10809,INARI
10810,WINGS
10814,OBS
10815,VACAY
10817,RYOSHI
10818,PEFI
10819,MOK
10820,YLDY
10821,STARL
10822,RBT
10824,HTZ
10829,NFT
10830,ZORT
10831,MIMO
10832,ETL
10833,ADAX
10839,LORY
10841,WSPP
10844,REI
10847,TTF
10848,ROLL
10850,CFL365
10851,USELESS
10853,ETHDOWN
10854,RAIL
10858,GOMA
10861,GAME
10862,TCUB
10863,RICH
10864,NAFTY
10865,ARTH
10866,MM
10868,SLOKI
10869,BBTC
10870,RARA
10873,DOOR
10875,CHAINCADE
10877,AINU
10881,ULTGG
10887,CATBREAD
10888,NEWB
10889,DRF
10891,LIKE
10893,BRKL
10894,SRX
10895,SEED
10896,CUMSTAR
10897,ALT
10898,WCFG
10899,DADDYDOGE
10900,INU
10901,FLOKI
10902,TRUBGR
10903,C98
10904,BP
10905,AIRT
10908,KUS
10909,UGMC
10914,$BABYDOGEINU
10918,CVAG
10919,CPD
10922,PIRATE
10925,CBET
10928,DOJO
10929,ZPAY
10932,IF
10933,IDIA
10935,RIN
10937,SFC
10944,OAI
10949,BXX
10951,TOKAU
10952,PEEPS
10953,KABY
10954,MCONTENT
10955,1TRC
10960,WIZARD
10963,WOLFY
10965,XXT
10967,YIN
10968,MPAD
10969,CRDN
10970,BABYDOGE
10971,BC2.1
10973,UFI
10974,CHESS
10976,CRUSADER
10977,MINT
10978,CPHR
10979,XYZ
10980,DIGS
10984,WITCH
10987,AVME
10988,SAFEARN
10990,NODE
10994,BISON
10998,WILD
10999,TKG
11003,DAM
11007,BIBA
11009,MIL
11011,DIAMND
11013,LIQ
11015,VIT
11016,CMERGE
11017,SPADE
11018,CART
11020,ZOO
11022,PORT
11023,WKCS
11024,KRW
11026,SPACE
11027,DEXF
11029,ARTEX
11033,REDFEG
11035,SPS
11036,$ADS
11037,SHBMA
11038,BFG
11039,AMC
11041,KCLP
11042,NFTBS
11043,GSHIBA
11046,PABLO
11047,GMX
11053,COGE
11055,SBRT
11056,GDOGE
11060,BABYSHIBAINU
11061,AI
11062,Mverse
11066,DNXC
11067,HERO
11069,BUMP
11074,1-UP
11075,PYRAM
11076,JOJO
11078,IAG
11079,BRISE
11080,FIBO
11082,ARENA
11083,CANDY
11085,BTBS
11086,LFG
11088,EJS
11089,$NINJADOGE
11090,INVI
11092,BGB
11093,DRIP
11104,ARTR
11105,PEAR
11106,BMARS
11107,BIRB
11108,Foxy
11109,ELCASH
11110,SPO
11112,$BRICKS
11113,PILOT
11114,XNFT
11119,BIMP
11120,LEAF
11121,RWD
11125,ACMD
11126,HID
11129,ZOON
11130,PVU
11131,ETHK
11132,WOKT
11133,ORG
11134,BTCK
11139,TOP
11146,JF
11147,D11
11148,PRXY
11149,TENSHI
11150,DFA
11153,ESW
11156,DYDX
11158,SGB
11160,BXH
11163,YSL
11164,VAB
11165,ORCA
11168,VENT
11169,DOGO
11171,MNGO
11172,CP
11177,EBIRD
11178,WLUNA
11181,SBR
11185,TAB
11186,VENTION
11187,VICEX
11188,DPX
11189,VLTY
11190,KCAKE
11191,LYD
11193,BRIGHT
11194,WSWAP
11197,SKT
11202,TOKE
11205,TSC
11206,BLOK
11207,BTCA
11208,SUM
11209,TRAVA
11210,EGL
11211,DXCT
11212,ATLAS
11213,POLIS
11216,BOOST
11218,BORING
11219,BABYDOUG
11220,PORT
11221,BIT
11222,WNCG
11223,MMUI
11224,MBF
11225,LONDON
11227,PKMON
11230,SKU
11232,HIGH
11233,MCASH
11234,POSI
11235,BUMN
11240,HI
11242,POTS
11243,INDC
11245,LAND
11247,KPHI
11251,DXL
11253,DBUY
11254,MINIFOOTBALL
11255,ORI
11258,CRE8
11263,BPET
11265,NBM
11271,DOGECOLA
11272,WAR
11273,ANGEL
11275,BSR
11276,GRAND
11277,$MAID
11278,TXA
11279,BAS
11283,RYOSHI
11287,HONEY
11288,$TIME
11289,SPELL
11290,STT
11291,KMON
11292,UGT
11293,AVE
11294,RARE
11297,SOLD
11298,CSWAP
11299,PTT
11300,BABYSAITAMA
11301,YEL
11304,CFXT
11305,SAFUYIELD
11307,BETA
11308,FB
11309,ORARE
11311,ISOLA
11313,BEAST
11314,CW
11316,AFTRBCK
11317,RELAY
11318,GLDX
11319,SHERPA
11321,YDR
11322,MOT
11323,CYCE
11324,KNIGHT
11326,SCH
11327,SPH
11329,KAMPAY
11330,VEED
11331,ELOIN
11332,SANA
11333,BANKETH
11336,NBL
11338,BCP
11340,DARA
11341,DLTA
11344,MATE
11345,CIV
11346,RACA
11347,NUKE
11348,IDTT
11349,ADAPAD
11350,NFTL
11352,MNY
11354,WAG
11355,BZZONE
11356,MASK20
11359,DRS
11360,ALIX
11362,POLP
11363,GRIM
11364,ROBODOGE
11365,CSWAP
11366,PBX
11367,AURY
11368,NFD
11370,DUEL
11371,VICS
11373,META
11374,DAR
11375,KOKO
11377,1DOGE
11378,COVIDTOKEN
11380,DOGE2
11382,MPS
11383,BUR
11384,SOMEE
11385,NFTPAD
11387,CRP
11390,HIBIKI
11392,AAA
11393,YUCT
11394,WGC
11395,BR
11396,JOE
11397,KSHIB
11404,DDDD
11407,PCKT
11408,BDS
11409,TAROT
11410,PSLIP
11412,BIN
11413,CERES
11414,QBT
11415,YAK
11417,GAJ
11418,KANA
11419,TON
11420,JAM
11421,TAUR
11422,WANA
11423,VEMP
11424,LDFI
11425,TOKE
11426,DKYC
11427,CYT
11429,TUNDRA
11431,MMS
11433,AFT
11437,DPS
11446,SCCP
11448,HUSL
11450,SKYRIM
11451,SDN
11452,FNDZ
11453,NFTT
11454,GLMS
11455,POLI
11456,NORA
11458,EVRY
11459,DLEGENDS
11460,SPEC
11461,MSOL
11462,FAB
11463,HUSKY
11464,APEX
11465,CATO
11466,FLOOR
11467,OXS
11468,FTR
11469,SOLPAD
11470,BOP
11471,GSAIL
11473,YAG
11474,HEROES
11480,LZ
11486,WIFEDOGE
11491,MTCL
11492,TCG2
11495,TOMB
11497,SCREAM
11498,CBG
11499,AMT
11500,BIT
11502,CCAR
11503,$MANGA
11504,SHADE
11505,PETG
11507,ONEUNI
11509,DXO
11512,KLO
11516,EKTA
11517,RHT
11521,RHYTHM
11522,UJENNY
11523,SMON
11525,ERP
11526,PLGR
11528,VCF
11529,GALO
11530,ROUSH
11531,POR
11532,AFC
11533,UFC
11534,LEV
11537,ZONE
11539,VNDT
11540,POLAR
11541,ARV
11552,TALK
11553,WEYU
11555,UMG
11556,ZOO
11557,DOG
11558,BLS
11559,WUSD
11560,DEHUB
11562,SWP
11563,AIRI
11564,OFI
11565,FAM
11566,ASH
11568,AGLD
11569,OVO
11570,RCG
11573,PETN
11575,MENSA
11576,GPOOL
11578,CIRUS
11579,TECH
11582,LUMI
11583,ANN
11584,BTRST
11585,TIME
11586,STORY
11590,PAD
11591,RAID
11593,CPHX
11596,SING
11597,LIL
11599,ALI
11600,SMD
11603,MOVE
11605,HEROEGG
11606,VICE
11607,SWT
11610,BME
11612,SUNNY
11613,SLAB
11614,THEOS
11615,SNAP
11616,SCO
11617,WIVA
11619,DAW
11620,IXS
11621,PUNK
11622,GLYPH
11625,CSM
11626,IRIS
11630,MYL
11632,BAE
11634,RBUNNY
11641,$CITIZEN
11642,SFSHLD
11644,MUSO
11646,REGEN
11647,SHIBAROCKET
11649,WNT
11652,ITG
11654,VLXPAD
11655,STORM
11660,MCF
11661,DXT
